{
  "경기 화성  118-16": [
    37.170012,
    126.7697664
  ],
  "경기 화성 신남 349-2": [
    37.18372,
    126.81154
  ]
}