{
  "경기 화성 용두 산170": null,
  "경기 화성  산27-90": null,
  "경기 화성 송림 334-5": null,
  "경기 화성  118-16": [
    37.170012,
    126.7697664
  ],
  "경기 화성 송림 430-2(임)": null,
  "경기 화성  산60": null,
  "경기 화성 종송 산4-5": null,
  "경기 화성 시 산30": null,
  "경기 화성 신남 349-2": [
    37.18372,
    126.81154
  ],
  "경기 화성 야목 산56": null,
  "경기 화성 창곡 산19-1": null,
  "경기 화성 어은 산79-1": null,
  "경기 화성 송림 산145-1": null,
  "경기 화성 쌍송 497(임)": null,
  "경기 화성 백미 산40-4": null,
  "경기 화성 원평 260-1(임)": null
}